<?xml version="1.0" encoding="UTF-8"?>
<metadata xml:lang="en"><Esri><CreaDate>20180118</CreaDate><CreaTime>10112800</CreaTime><ArcGISFormat>1.0</ArcGISFormat><SyncOnce>TRUE</SyncOnce><DataProperties><itemProps><itemLocation><linkage Sync="TRUE">file://\\DTI-105\D$\Vitaly\SIG\DataBase_13.gdb</linkage><protocol Sync="TRUE">Local Area Network</protocol></itemLocation></itemProps><copyHistory><copy source="D:\MegaCloud\PROIECTE\WFS_Geoportal\Raion_RM" dest="\\GOOSEPC\D$\MegaCloud\PROIECTE\WFS_Geoportal\Raioanele RM\Raion_RM" date="20130701" time="23124200"></copy></copyHistory><lineage><Process ToolSource="C:\Program Files\ArcGIS\Desktop10.0\ArcToolbox\Toolboxes\Data Management Tools.tbx\CalculateField" Date="20130714" Time="210148">CalculateField Districte Districte [gname] VB #</Process><Process ToolSource="C:\Program Files (x86)\ArcGIS\Desktop10.0\ArcToolbox\Toolboxes\Data Management Tools.tbx\CalculateField" Date="20161011" Time="185944">CalculateField Districte_fara_Transnistria Cod_de_identificare "[Cod_statistic] /1000" VB #</Process><Process ToolSource="C:\Program Files (x86)\ArcGIS\Desktop10.0\ArcToolbox\Toolboxes\Data Management Tools.tbx\CalculateField" Date="20161012" Time="202213">CalculateField Districte_fara_Transnistria Cod_statistic [Cod_statis] VB #</Process><Process ToolSource="C:\Program Files (x86)\ArcGIS\Desktop10.0\ArcToolbox\Toolboxes\Data Management Tools.tbx\CalculateField" Date="20161012" Time="202227">CalculateField Districte_fara_Transnistria Cod_de_identificare [Cod_de_ide] VB #</Process><Process ToolSource="c:\program files\arcgis\desktop10.2\ArcToolbox\Toolboxes\Data Management Tools.tbx\CalculateField" Date="20161021" Time="101038">CalculateField Districte Districts [Districte] VB #</Process><Process ToolSource="c:\program files\arcgis\desktop10.2\ArcToolbox\Toolboxes\Data Management Tools.tbx\CalculateField" Date="20161021" Time="101220">CalculateField Districte CODST [Cod_statistic] VB #</Process><Process ToolSource="c:\program files\arcgis\desktop10.2\ArcToolbox\Toolboxes\Data Management Tools.tbx\CalculateField" Date="20161021" Time="101253">CalculateField Districte CODUNIC [Cod_de_identificare] VB #</Process></lineage></DataProperties></Esri></metadata>
